OA Code,Ward Name,LA Name,Region Name,QS701EW0010,QS701EW0001 (base),OA Percentage
E00116589,Hayling West,Havant,South East,5,224,2.2300,
E00116582,Hayling West,Havant,South East,3,229,1.3100,
E00116591,Hayling West,Havant,South East,6,206,2.9100,
E00116580,Hayling West,Havant,South East,4,176,2.2700,
E00116583,Hayling West,Havant,South East,9,218,4.1300,
E00116572,Hayling West,Havant,South East,3,244,1.2300,
E00116599,Hayling West,Havant,South East,2,229,0.8700,
E00116577,Hayling West,Havant,South East,2,279,0.7200,
E00116595,Hayling West,Havant,South East,1,112,0.8900,
E00116597,Hayling West,Havant,South East,2,129,1.5500,
E00116584,Hayling West,Havant,South East,3,243,1.2300,
E00116586,Hayling West,Havant,South East,4,234,1.7100,
E00116598,Hayling West,Havant,South East,4,185,2.1600,
E00116571,Hayling West,Havant,South East,1,190,0.5300,
E00116575,Hayling West,Havant,South East,6,218,2.7500,
E00116408,Bedhampton,Havant,South East,3,252,1.1900,
E00115754,Stubbington,Fareham,South East,9,244,3.6900,
E00116585,Hayling West,Havant,South East,5,176,2.8400,
E00116593,Hayling West,Havant,South East,7,186,3.7600,
E00116579,Hayling West,Havant,South East,6,217,2.7600,
E00116592,Hayling West,Havant,South East,4,220,1.8200,
E00116594,Hayling West,Havant,South East,1,157,0.6400,
E00116587,Hayling West,Havant,South East,7,202,3.4700,
E00116578,Hayling West,Havant,South East,3,254,1.1800,
E00116588,Hayling West,Havant,South East,2,192,1.0400,
E00116581,Hayling West,Havant,South East,7,211,3.3200,
E00116596,Hayling West,Havant,South East,1,173,0.5800,
E00116590,Hayling West,Havant,South East,5,203,2.4600,
E00116573,Hayling West,Havant,South East,5,189,2.6500,
E00116576,Hayling West,Havant,South East,1,232,0.4300,
E00168140,Lee East,Gosport,South East,17,235,7.2300,
E00116039,Peel Common,Gosport,South East,9,178,5.0600,
E00115961,Grange,Gosport,South East,16,245,6.5300,
E00168141,Lee East,Gosport,South East,14,268,5.2200,
E00115958,Grange,Gosport,South East,14,233,6.0100,
E00115973,Grange,Gosport,South East,9,205,4.3900,
E00115970,Grange,Gosport,South East,7,178,3.9300,
E00168150,Hardway,Gosport,South East,16,234,6.8400,
E00168139,Lee East,Gosport,South East,15,220,6.8200,
E00116022,Leesland,Gosport,South East,18,244,7.3800,
E00116025,Leesland,Gosport,South East,6,107,5.6100,
E00115997,Lee East,Gosport,South East,10,170,5.8800,
E00115906,Brockhurst,Gosport,South East,15,206,7.2800,
E00115916,Christchurch,Gosport,South East,27,257,10.5100,
E00115865,Anglesey,Gosport,South East,14,287,4.8800,
E00116048,Privett,Gosport,South East,16,210,7.6200,
E00115987,Hardway,Gosport,South East,15,225,6.6700,
E00115892,Bridgemary South,Gosport,South East,16,268,5.9700,
E00115900,Brockhurst,Gosport,South East,17,254,6.6900,
E00115897,Brockhurst,Gosport,South East,19,219,8.6800,
E00115884,Bridgemary South,Gosport,South East,14,205,6.8300,
E00116049,Privett,Gosport,South East,16,210,7.6200,
E00115848,Alverstoke,Gosport,South East,10,164,6.1000,
E00115976,Hardway,Gosport,South East,22,232,9.4800,
E00116054,Privett,Gosport,South East,12,184,6.5200,
E00116080,Town,Gosport,South East,14,194,7.2200,
E00116056,Privett,Gosport,South East,13,158,8.2300,
E00116038,Peel Common,Gosport,South East,12,177,6.7800,
E00115944,Forton,Gosport,South East,22,226,9.7300,
E00115864,Anglesey,Gosport,South East,30,235,12.7700,
E00116033,Peel Common,Gosport,South East,12,238,5.0400,
E00115857,Anglesey,Gosport,South East,20,212,9.4300,
E00116015,Leesland,Gosport,South East,31,280,11.0700,
E00168149,Hardway,Gosport,South East,19,209,9.0900,
E00116013,Lee West,Gosport,South East,16,223,7.1700,
E00115980,Hardway,Gosport,South East,21,284,7.3900,
E00115901,Brockhurst,Gosport,South East,23,227,10.1300,
E00115982,Hardway,Gosport,South East,22,227,9.6900,
E00115903,Brockhurst,Gosport,South East,18,235,7.6600,
E00168147,Hardway,Gosport,South East,22,268,8.2100,
E00115913,Brockhurst,Gosport,South East,12,176,6.8200,
E00168136,Lee East,Gosport,South East,17,244,6.9700,
E00116018,Leesland,Gosport,South East,24,213,11.2700,
E00115862,Anglesey,Gosport,South East,22,195,11.2800,
E00116078,Town,Gosport,South East,4,152,2.6300,
E00115887,Bridgemary South,Gosport,South East,22,223,9.8700,
E00115886,Bridgemary South,Gosport,South East,14,214,6.5400,
E00115931,Elson,Gosport,South East,15,230,6.5200,
E00168152,Grange,Gosport,South East,7,112,6.2500,
E00115933,Elson,Gosport,South East,15,215,6.9800,
E00116062,Rowner and Holbrook,Gosport,South East,24,222,10.8100,
E00115936,Elson,Gosport,South East,21,232,9.0500,
E00168137,Lee East,Gosport,South East,9,233,3.8600,
E00116028,Leesland,Gosport,South East,30,218,13.7600,
E00115891,Bridgemary South,Gosport,South East,13,237,5.4900,
E00116065,Rowner and Holbrook,Gosport,South East,20,222,9.0100,
E00116060,Rowner and Holbrook,Gosport,South East,10,204,4.9000,
E00116036,Peel Common,Gosport,South East,12,253,4.7400,
E00115866,Anglesey,Gosport,South East,23,233,9.8700,
E00115947,Forton,Gosport,South East,18,256,7.0300,
E00115953,Forton,Gosport,South East,7,136,5.1500,
E00168122,Christchurch,Gosport,South East,8,186,4.3000,
E00116046,Privett,Gosport,South East,19,222,8.5600,
E00116045,Peel Common,Gosport,South East,22,208,10.5800,
E00116031,Peel Common,Gosport,South East,11,183,6.0100,
E00116063,Rowner and Holbrook,Gosport,South East,33,230,14.3500,
E00115934,Elson,Gosport,South East,19,246,7.7200,
E00115968,Grange,Gosport,South East,21,246,8.5400,
E00115969,Grange,Gosport,South East,17,263,6.4600,
E00115856,Anglesey,Gosport,South East,27,264,10.2300,
E00116041,Peel Common,Gosport,South East,14,187,7.4900,
E00115908,Brockhurst,Gosport,South East,13,213,6.1000,
E00116067,Rowner and Holbrook,Gosport,South East,33,245,13.4700,
E00168138,Lee East,Gosport,South East,12,198,6.0600,
E00116019,Leesland,Gosport,South East,11,177,6.2100,
E00115928,Elson,Gosport,South East,26,261,9.9600,
E00115896,Bridgemary South,Gosport,South East,8,204,3.9200,
E00116061,Rowner and Holbrook,Gosport,South East,15,261,5.7500,
E00115967,Grange,Gosport,South East,34,359,9.4700,
E00115945,Forton,Gosport,South East,13,222,5.8600,
E00116040,Peel Common,Gosport,South East,20,240,8.3300,
E00168143,Lee West,Gosport,South East,45,290,15.5200,
E00115989,Lee East,Gosport,South East,13,376,3.4600,
E00168130,Town,Gosport,South East,14,214,6.5400,
E00115846,Alverstoke,Gosport,South East,25,215,11.6300,
E00116058,Privett,Gosport,South East,22,293,7.5100,
E00115855,Anglesey,Gosport,South East,26,299,8.7000,
E00115905,Brockhurst,Gosport,South East,14,203,6.9000,
E00115909,Brockhurst,Gosport,South East,28,313,8.9500,
E00115988,Hardway,Gosport,South East,24,249,9.6400,
E00116032,Peel Common,Gosport,South East,12,243,4.9400,
E00115852,Alverstoke,Gosport,South East,11,179,6.1500,
E00115895,Bridgemary South,Gosport,South East,9,149,6.0400,
E00168142,Lee West,Gosport,South East,6,214,2.8000,
E00116068,Rowner and Holbrook,Gosport,South East,16,154,10.3900,
E00116034,Peel Common,Gosport,South East,6,172,3.4900,
E00115977,Hardway,Gosport,South East,31,274,11.3100,
E00115984,Hardway,Gosport,South East,30,255,11.7600,
E00116047,Privett,Gosport,South East,14,194,7.2200,
E00115929,Elson,Gosport,South East,19,232,8.1900,
E00115849,Alverstoke,Gosport,South East,13,185,7.0300,
E00115975,Grange,Gosport,South East,12,214,5.6100,
E00116088,Town,Gosport,South East,21,190,11.0500,
E00115847,Alverstoke,Gosport,South East,16,162,9.8800,
E00116009,Lee West,Gosport,South East,7,179,3.9100,
E00168132,Christchurch,Gosport,South East,12,185,6.4900,
E00115907,Brockhurst,Gosport,South East,14,201,6.9700,
E00115986,Hardway,Gosport,South East,29,232,12.5000,
E00116059,Privett,Gosport,South East,9,223,4.0400,
E00116008,Lee West,Gosport,South East,7,212,3.3000,
E00116089,Town,Gosport,South East,31,215,14.4200,
E00115965,Grange,Gosport,South East,15,180,8.3300,
E00116072,Rowner and Holbrook,Gosport,South East,25,268,9.3300,
E00116016,Leesland,Gosport,South East,23,241,9.5400,
E00116027,Leesland,Gosport,South East,19,241,7.8800,
E00115998,Lee East,Gosport,South East,23,269,8.5500,
E00115851,Alverstoke,Gosport,South East,12,155,7.7400,
E00115919,Christchurch,Gosport,South East,9,174,5.1700,
E00116029,Leesland,Gosport,South East,18,206,8.7400,
E00115996,Lee East,Gosport,South East,6,109,5.5000,
E00115917,Christchurch,Gosport,South East,22,225,9.7800,
E00116050,Privett,Gosport,South East,28,270,10.3700,
E00116077,Town,Gosport,South East,8,208,3.8500,
E00115912,Brockhurst,Gosport,South East,18,171,10.5300,
E00116079,Town,Gosport,South East,8,152,5.2600,
E00115993,Lee East,Gosport,South East,15,225,6.6700,
E00116055,Privett,Gosport,South East,11,225,4.8900,
E00116026,Leesland,Gosport,South East,20,236,8.4700,
E00115885,Bridgemary South,Gosport,South East,19,224,8.4800,
E00115926,Christchurch,Gosport,South East,17,282,6.0300,
E00116012,Lee West,Gosport,South East,9,197,4.5700,
E00115854,Alverstoke,Gosport,South East,17,218,7.8000,
E00115925,Christchurch,Gosport,South East,29,267,10.8600,
E00116086,Town,Gosport,South East,11,163,6.7500,
E00116007,Lee West,Gosport,South East,0,111,0.0000,
E00168128,Hardway,Gosport,South East,21,225,9.3300,
E00116043,Peel Common,Gosport,South East,16,231,6.9300,
E00115853,Alverstoke,Gosport,South East,9,171,5.2600,
E00115850,Alverstoke,Gosport,South East,12,173,6.9400,
E00168124,Town,Gosport,South East,15,193,7.7700,
E00115899,Brockhurst,Gosport,South East,6,167,3.5900,
E00115950,Forton,Gosport,South East,20,205,9.7600,
E00115938,Elson,Gosport,South East,23,237,9.7000,
E00115935,Elson,Gosport,South East,17,229,7.4200,
E00116051,Privett,Gosport,South East,17,208,8.1700,
E00115930,Elson,Gosport,South East,12,224,5.3600,
E00116064,Rowner and Holbrook,Gosport,South East,12,197,6.0900,
E00115955,Forton,Gosport,South East,9,183,4.9200,
E00115951,Forton,Gosport,South East,21,231,9.0900,
E00115859,Anglesey,Gosport,South East,16,177,9.0400,
E00115954,Forton,Gosport,South East,34,359,9.4700,
E00168145,Lee East,Gosport,South East,13,272,4.7800,
E00116037,Peel Common,Gosport,South East,13,169,7.6900,
E00115927,Christchurch,Gosport,South East,27,241,11.2000,
E00115845,Alverstoke,Gosport,South East,19,215,8.8400,
E00115860,Anglesey,Gosport,South East,9,189,4.7600,
E00115995,Lee East,Gosport,South East,8,216,3.7000,
E00168151,Grange,Gosport,South East,23,309,7.4400,
E00115948,Forton,Gosport,South East,16,249,6.4300,
E00116081,Town,Gosport,South East,5,121,4.1300,
E00115941,Elson,Gosport,South East,8,172,4.6500,
E00116044,Peel Common,Gosport,South East,14,213,6.5700,
E00115922,Christchurch,Gosport,South East,21,230,9.1300,
E00116087,Town,Gosport,South East,12,206,5.8300,
E00115991,Lee East,Gosport,South East,12,173,6.9400,
E00116042,Peel Common,Gosport,South East,9,195,4.6200,
E00116076,Town,Gosport,South East,2,207,0.9700,
E00115883,Bridgemary South,Gosport,South East,4,177,2.2600,
E00116017,Leesland,Gosport,South East,8,164,4.8800,
E00115898,Brockhurst,Gosport,South East,20,184,10.8700,
E00115840,Alverstoke,Gosport,South East,15,228,6.5800,
E00116083,Town,Gosport,South East,18,241,7.4700,
E00116082,Town,Gosport,South East,9,234,3.8500,
E00116003,Lee West,Gosport,South East,14,222,6.3100,
E00115894,Bridgemary South,Gosport,South East,19,245,7.7600,
E00115949,Forton,Gosport,South East,22,243,9.0500,
E00168133,Christchurch,Gosport,South East,25,188,13.3000,
E00115963,Grange,Gosport,South East,9,230,3.9100,
E00115893,Bridgemary South,Gosport,South East,20,297,6.7300,
E00115914,Brockhurst,Gosport,South East,18,177,10.1700,
E00116071,Rowner and Holbrook,Gosport,South East,31,238,13.0300,
E00115910,Brockhurst,Gosport,South East,11,201,5.4700,
E00116000,Lee West,Gosport,South East,10,261,3.8300,
E00115992,Lee East,Gosport,South East,5,175,2.8600,
E00115971,Grange,Gosport,South East,20,239,8.3700,
E00116005,Lee West,Gosport,South East,7,165,4.2400,
E00116084,Town,Gosport,South East,15,185,8.1100,
E00115990,Lee East,Gosport,South East,3,195,1.5400,
E00115911,Brockhurst,Gosport,South East,26,210,12.3800,
E00115972,Grange,Gosport,South East,26,314,8.2800,
E00115964,Grange,Gosport,South East,3,84,3.5700,
E00115904,Brockhurst,Gosport,South East,11,228,4.8200,
E00115985,Hardway,Gosport,South East,15,207,7.2500,
E00115974,Grange,Gosport,South East,17,256,6.6400,
E00115844,Alverstoke,Gosport,South East,17,210,8.1000,
E00115940,Elson,Gosport,South East,27,295,9.1500,
E00168134,Town,Gosport,South East,11,180,6.1100,
E00116070,Rowner and Holbrook,Gosport,South East,16,211,7.5800,
E00116052,Privett,Gosport,South East,15,187,8.0200,
E00115861,Anglesey,Gosport,South East,18,172,10.4700,
E00116023,Leesland,Gosport,South East,25,254,9.8400,
E00115939,Elson,Gosport,South East,20,263,7.6000,
E00115863,Anglesey,Gosport,South East,11,195,5.6400,
E00115924,Christchurch,Gosport,South East,14,258,5.4300,
E00115915,Christchurch,Gosport,South East,21,239,8.7900,
E00115920,Christchurch,Gosport,South East,20,241,8.3000,
E00168131,Hardway,Gosport,South East,18,188,9.5700,
E00115994,Lee East,Gosport,South East,10,201,4.9800,
E00115882,Bridgemary South,Gosport,South East,22,326,6.7500,
E00116021,Leesland,Gosport,South East,23,290,7.9300,
E00115952,Forton,Gosport,South East,25,228,10.9600,
E00168129,Town,Gosport,South East,10,178,5.6200,
E00115858,Anglesey,Gosport,South East,25,232,10.7800,
E00115843,Alverstoke,Gosport,South East,14,158,8.8600,
E00116074,Rowner and Holbrook,Gosport,South East,12,226,5.3100,
E00168125,Town,Gosport,South East,10,172,5.8100,
E00168148,Hardway,Gosport,South East,23,283,8.1300,
E00168146,Christchurch,Gosport,South East,24,222,10.8100,
E00115942,Elson,Gosport,South East,15,151,9.9300,
E00168127,Town,Gosport,South East,6,141,4.2600,
E00168123,Christchurch,Gosport,South East,23,208,11.0600,
E00116053,Privett,Gosport,South East,17,176,9.6600,
E00116035,Peel Common,Gosport,South East,5,186,2.6900,
E00115932,Elson,Gosport,South East,14,202,6.9300,
E00116024,Leesland,Gosport,South East,10,178,5.6200,
E00116090,Town,Gosport,South East,15,219,6.8500,
E00116085,Town,Gosport,South East,14,184,7.6100,
E00115842,Alverstoke,Gosport,South East,11,206,5.3400,
E00116004,Lee West,Gosport,South East,7,178,3.9300,
E00116011,Lee West,Gosport,South East,11,213,5.1600,
E00168135,Lee East,Gosport,South East,18,250,7.2000,
E00115937,Elson,Gosport,South East,18,236,7.6300,
E00115946,Forton,Gosport,South East,11,211,5.2100,
E00116030,Leesland,Gosport,South East,16,259,6.1800,
E00115956,Forton,Gosport,South East,15,265,5.6600,
E00116010,Lee West,Gosport,South East,5,185,2.7000,
E00168126,Hardway,Gosport,South East,18,193,9.3300,
E00116057,Privett,Gosport,South East,22,276,7.9700,
E00116066,Rowner and Holbrook,Gosport,South East,13,216,6.0200,
E00116020,Leesland,Gosport,South East,28,281,9.9600,
E00116073,Rowner and Holbrook,Gosport,South East,8,238,3.3600,
E00115979,Hardway,Gosport,South East,18,314,5.7300,
E00115918,Christchurch,Gosport,South East,26,270,9.6300,
E00115957,Forton,Gosport,South East,16,240,6.6700,
E00116069,Rowner and Holbrook,Gosport,South East,13,204,6.3700,
E00115902,Brockhurst,Gosport,South East,17,220,7.7300,
E00168144,Lee East,Gosport,South East,14,267,5.2400,
E00115943,Forton,Gosport,South East,29,242,11.9800,
E00115841,Alverstoke,Gosport,South East,27,243,11.1100,
E00115921,Christchurch,Gosport,South East,17,159,10.6900,
E00115983,Hardway,Gosport,South East,22,254,8.6600,
E00086075,Copnor,Portsmouth,South East,11,217,5.0700,
E00086543,St Thomas,Portsmouth,South East,7,161,4.3500,
E00086204,Eastney and Craneswater,Portsmouth,South East,5,147,3.4000,
E00086285,Hilsea,Portsmouth,South East,10,238,4.2000,
E00086283,Hilsea,Portsmouth,South East,9,230,3.9100,
E00086028,Charles Dickens,Portsmouth,South East,10,206,4.8500,
E00174448,St Thomas,Portsmouth,South East,5,162,3.0900,
E00086407,Nelson,Portsmouth,South East,17,220,7.7300,
E00086196,Eastney and Craneswater,Portsmouth,South East,3,173,1.7300,
E00086020,Charles Dickens,Portsmouth,South East,17,283,6.0100,
E00086202,Eastney and Craneswater,Portsmouth,South East,7,280,2.5000,
E00086338,Milton,Portsmouth,South East,19,255,7.4500,
E00085950,Baffins,Portsmouth,South East,16,162,9.8800,
E00086464,St Jude,Portsmouth,South East,13,259,5.0200,
E00174433,Milton,Portsmouth,South East,10,156,6.4100,
E00086079,Copnor,Portsmouth,South East,14,266,5.2600,
E00086514,St Thomas,Portsmouth,South East,6,209,2.8700,
E00086390,Nelson,Portsmouth,South East,7,170,4.1200,
E00086348,Milton,Portsmouth,South East,5,186,2.6900,
E00086072,Copnor,Portsmouth,South East,19,225,8.4400,
E00086091,Copnor,Portsmouth,South East,11,213,5.1600,
E00086010,Central Southsea,Portsmouth,South East,11,325,3.3800,
E00086252,Fratton,Portsmouth,South East,9,189,4.7600,
E00086185,Eastney and Craneswater,Portsmouth,South East,18,256,7.0300,
E00086336,Milton,Portsmouth,South East,24,226,10.6200,
E00086254,Fratton,Portsmouth,South East,8,252,3.1700,
E00174445,Charles Dickens,Portsmouth,South East,9,1649,0.5500,
E00086229,Eastney and Craneswater,Portsmouth,South East,6,240,2.5000,
E00086084,Copnor,Portsmouth,South East,13,205,6.3400,
E00086468,St Jude,Portsmouth,South East,8,195,4.1000,
E00086007,Central Southsea,Portsmouth,South East,19,367,5.1800,
E00086046,Charles Dickens,Portsmouth,South East,11,209,5.2600,
E00086534,St Thomas,Portsmouth,South East,1,158,0.6300,
E00086488,St Jude,Portsmouth,South East,12,235,5.1100,
E00174438,Charles Dickens,Portsmouth,South East,3,145,2.0700,
E00086239,Fratton,Portsmouth,South East,16,247,6.4800,
E00086501,St Jude,Portsmouth,South East,20,182,10.9900,
E00086260,Fratton,Portsmouth,South East,10,252,3.9700,
E00086521,St Thomas,Portsmouth,South East,7,304,2.3000,
E00086033,Charles Dickens,Portsmouth,South East,11,255,4.3100,
E00086206,Eastney and Craneswater,Portsmouth,South East,6,189,3.1700,
E00086263,Fratton,Portsmouth,South East,9,223,4.0400,
E00085993,Central Southsea,Portsmouth,South East,17,262,6.4900,
E00086548,St Thomas,Portsmouth,South East,11,201,5.4700,
E00086523,St Thomas,Portsmouth,South East,5,233,2.1500,
E00086337,Milton,Portsmouth,South East,13,201,6.4700,
E00174467,Charles Dickens,Portsmouth,South East,6,207,2.9000,
E00086509,St Thomas,Portsmouth,South East,6,284,2.1100,
E00086314,Hilsea,Portsmouth,South East,11,212,5.1900,
E00086454,Paulsgrove,Portsmouth,South East,3,195,1.5400,
E00086395,Nelson,Portsmouth,South East,8,223,3.5900,
E00174447,Charles Dickens,Portsmouth,South East,6,248,2.4200,
E00086031,Charles Dickens,Portsmouth,South East,15,248,6.0500,
E00086044,Charles Dickens,Portsmouth,South East,8,225,3.5600,
E00086065,Copnor,Portsmouth,South East,10,206,4.8500,
E00086271,Fratton,Portsmouth,South East,14,236,5.9300,
E00086251,Fratton,Portsmouth,South East,12,170,7.0600,
E00086527,St Thomas,Portsmouth,South East,14,289,4.8400,
E00086513,St Thomas,Portsmouth,South East,7,446,1.5700,
E00086095,Copnor,Portsmouth,South East,15,238,6.3000,
E00086537,St Thomas,Portsmouth,South East,7,255,2.7500,
E00086259,Fratton,Portsmouth,South East,20,187,10.7000,
E00086363,Milton,Portsmouth,South East,13,184,7.0700,
E00086014,Charles Dickens,Portsmouth,South East,14,163,8.5900,
E00085919,Baffins,Portsmouth,South East,9,211,4.2700,
E00085998,Central Southsea,Portsmouth,South East,12,275,4.3600,
E00086287,Hilsea,Portsmouth,South East,8,230,3.4800,
E00086093,Copnor,Portsmouth,South East,16,287,5.5700,
E00086339,Milton,Portsmouth,South East,13,201,6.4700,
E00086351,Milton,Portsmouth,South East,30,323,9.2900,
E00086012,Charles Dickens,Portsmouth,South East,5,219,2.2800,
E00086247,Fratton,Portsmouth,South East,15,215,6.9800,
E00086544,St Thomas,Portsmouth,South East,21,259,8.1100,
E00086525,St Thomas,Portsmouth,South East,10,248,4.0300,
E00086042,Charles Dickens,Portsmouth,South East,8,203,3.9400,
E00086391,Nelson,Portsmouth,South East,16,261,6.1300,
E00086026,Charles Dickens,Portsmouth,South East,2,133,1.5000,
E00086399,Nelson,Portsmouth,South East,17,223,7.6200,
E00086318,Hilsea,Portsmouth,South East,1,158,0.6300,
E00086493,St Jude,Portsmouth,South East,15,318,4.7200,
E00085991,Central Southsea,Portsmouth,South East,16,343,4.6600,
E00086538,St Thomas,Portsmouth,South East,3,149,2.0100,
E00086279,Hilsea,Portsmouth,South East,7,264,2.6500,
E00086487,St Jude,Portsmouth,South East,5,107,4.6700,
E00086522,St Thomas,Portsmouth,South East,7,212,3.3000,
E00086497,St Jude,Portsmouth,South East,7,215,3.2600,
E00086056,Charles Dickens,Portsmouth,South East,7,167,4.1900,
E00086188,Eastney and Craneswater,Portsmouth,South East,10,157,6.3700,
E00086205,Eastney and Craneswater,Portsmouth,South East,9,167,5.3900,
E00086519,St Thomas,Portsmouth,South East,7,191,3.6600,
E00086479,St Jude,Portsmouth,South East,10,198,5.0500,
E00086060,Charles Dickens,Portsmouth,South East,16,212,7.5500,
E00086225,Eastney and Craneswater,Portsmouth,South East,13,226,5.7500,
E00086221,Eastney and Craneswater,Portsmouth,South East,4,124,3.2300,
E00086460,St Jude,Portsmouth,South East,12,345,3.4800,
E00086496,St Jude,Portsmouth,South East,12,212,5.6600,
E00085959,Baffins,Portsmouth,South East,6,127,4.7200,
E00086078,Copnor,Portsmouth,South East,12,216,5.5600,
E00086503,St Thomas,Portsmouth,South East,5,331,1.5100,
E00086369,Nelson,Portsmouth,South East,11,187,5.8800,
E00085927,Baffins,Portsmouth,South East,2,164,1.2200,
E00086387,Nelson,Portsmouth,South East,11,226,4.8700,
E00086484,St Jude,Portsmouth,South East,16,313,5.1100,
E00086542,St Thomas,Portsmouth,South East,8,254,3.1500,
E00086471,St Jude,Portsmouth,South East,13,252,5.1600,
E00086189,Eastney and Craneswater,Portsmouth,South East,15,240,6.2500,
E00174450,St Thomas,Portsmouth,South East,5,155,3.2300,
E00086530,St Thomas,Portsmouth,South East,5,255,1.9600,
E00086511,St Thomas,Portsmouth,South East,16,380,4.2100,
E00086350,Milton,Portsmouth,South East,7,130,5.3800,
E00086281,Hilsea,Portsmouth,South East,16,274,5.8400,
E00086200,Eastney and Craneswater,Portsmouth,South East,14,214,6.5400,
E00085957,Baffins,Portsmouth,South East,11,209,5.2600,
E00086405,Nelson,Portsmouth,South East,3,138,2.1700,
E00086246,Fratton,Portsmouth,South East,11,239,4.6000,
E00086220,Eastney and Craneswater,Portsmouth,South East,15,196,7.6500,
E00086478,St Jude,Portsmouth,South East,3,251,1.2000,
E00174462,Charles Dickens,Portsmouth,South East,12,234,5.1300,
E00086457,St Jude,Portsmouth,South East,10,244,4.1000,
E00086045,Charles Dickens,Portsmouth,South East,5,143,3.5000,
E00086498,St Jude,Portsmouth,South East,10,193,5.1800,
E00086029,Charles Dickens,Portsmouth,South East,6,165,3.6400,
E00086021,Charles Dickens,Portsmouth,South East,4,190,2.1100,
E00086375,Nelson,Portsmouth,South East,18,293,6.1400,
E00086499,St Jude,Portsmouth,South East,19,270,7.0400,
E00086245,Fratton,Portsmouth,South East,14,172,8.1400,
E00086039,Charles Dickens,Portsmouth,South East,8,216,3.7000,
E00085937,Baffins,Portsmouth,South East,19,231,8.2300,
E00085949,Baffins,Portsmouth,South East,17,284,5.9900,
E00086533,St Thomas,Portsmouth,South East,7,129,5.4300,
E00086081,Copnor,Portsmouth,South East,10,261,3.8300,
E00086000,Central Southsea,Portsmouth,South East,10,241,4.1500,
E00086070,Copnor,Portsmouth,South East,15,245,6.1200,
E00085983,Central Southsea,Portsmouth,South East,14,318,4.4000,
E00086009,Central Southsea,Portsmouth,South East,10,207,4.8300,
E00086088,Copnor,Portsmouth,South East,14,225,6.2200,
E00085985,Central Southsea,Portsmouth,South East,15,264,5.6800,
E00086360,Milton,Portsmouth,South East,14,379,3.6900,
E00086412,Nelson,Portsmouth,South East,11,196,5.6100,
E00085992,Central Southsea,Portsmouth,South East,13,218,5.9600,
E00086090,Copnor,Portsmouth,South East,15,216,6.9400,
E00086539,St Thomas,Portsmouth,South East,9,263,3.4200,
E00086011,Central Southsea,Portsmouth,South East,18,294,6.1200,
E00086512,St Thomas,Portsmouth,South East,14,285,4.9100,
E00086328,Milton,Portsmouth,South East,20,216,9.2600,
E00086352,Milton,Portsmouth,South East,17,245,6.9400,
E00086354,Milton,Portsmouth,South East,8,139,5.7600,
E00086194,Eastney and Craneswater,Portsmouth,South East,22,217,10.1400,
E00086211,Eastney and Craneswater,Portsmouth,South East,17,295,5.7600,
E00086082,Copnor,Portsmouth,South East,8,220,3.6400,
E00085990,Central Southsea,Portsmouth,South East,18,260,6.9200,
E00086003,Central Southsea,Portsmouth,South East,17,245,6.9400,
E00086467,St Jude,Portsmouth,South East,6,175,3.4300,
E00086355,Milton,Portsmouth,South East,20,229,8.7300,
E00086480,St Jude,Portsmouth,South East,9,215,4.1900,
E00085969,Central Southsea,Portsmouth,South East,15,252,5.9500,
E00086401,Nelson,Portsmouth,South East,9,205,4.3900,
E00086228,Eastney and Craneswater,Portsmouth,South East,7,174,4.0200,
E00086290,Hilsea,Portsmouth,South East,10,279,3.5800,
E00086022,Charles Dickens,Portsmouth,South East,4,175,2.2900,
E00086494,St Jude,Portsmouth,South East,8,137,5.8400,
E00086073,Copnor,Portsmouth,South East,9,223,4.0400,
E00086269,Fratton,Portsmouth,South East,14,178,7.8700,
E00086526,St Thomas,Portsmouth,South East,13,253,5.1400,
E00086222,Eastney and Craneswater,Portsmouth,South East,7,176,3.9800,
E00086224,Eastney and Craneswater,Portsmouth,South East,19,262,7.2500,
E00086389,Nelson,Portsmouth,South East,10,231,4.3300,
E00086483,St Jude,Portsmouth,South East,12,180,6.6700,
E00086402,Nelson,Portsmouth,South East,9,199,4.5200,
E00086396,Nelson,Portsmouth,South East,12,140,8.5700,
E00086332,Milton,Portsmouth,South East,12,189,6.3500,
E00086317,Hilsea,Portsmouth,South East,14,296,4.7300,
E00086051,Charles Dickens,Portsmouth,South East,2,175,1.1400,
E00086409,Nelson,Portsmouth,South East,12,235,5.1100,
E00086461,St Jude,Portsmouth,South East,12,277,4.3300,
E00086218,Eastney and Craneswater,Portsmouth,South East,16,239,6.6900,
E00085965,Central Southsea,Portsmouth,South East,14,412,3.4000,
E00086098,Copnor,Portsmouth,South East,8,260,3.0800,
E00086074,Copnor,Portsmouth,South East,11,243,4.5300,
E00086500,St Jude,Portsmouth,South East,21,294,7.1400,
E00174444,Charles Dickens,Portsmouth,South East,7,179,3.9100,
E00085958,Baffins,Portsmouth,South East,22,353,6.2300,
E00085946,Baffins,Portsmouth,South East,27,265,10.1900,
E00086459,St Jude,Portsmouth,South East,14,229,6.1100,
E00086490,St Jude,Portsmouth,South East,13,227,5.7300,
E00086233,Fratton,Portsmouth,South East,15,232,6.4700,
E00086085,Copnor,Portsmouth,South East,13,241,5.3900,
E00086052,Charles Dickens,Portsmouth,South East,11,231,4.7600,
E00086004,Central Southsea,Portsmouth,South East,14,314,4.4600,
E00086334,Milton,Portsmouth,South East,15,264,5.6800,
E00086335,Milton,Portsmouth,South East,13,200,6.5000,
E00085981,Central Southsea,Portsmouth,South East,13,246,5.2800,
E00174464,Charles Dickens,Portsmouth,South East,3,129,2.3300,
E00086393,Nelson,Portsmouth,South East,10,195,5.1300,
E00085994,Central Southsea,Portsmouth,South East,18,295,6.1000,
E00174442,Charles Dickens,Portsmouth,South East,9,221,4.0700,
E00086385,Nelson,Portsmouth,South East,8,221,3.6200,
E00086203,Eastney and Craneswater,Portsmouth,South East,9,224,4.0200,
E00086458,St Jude,Portsmouth,South East,8,167,4.7900,
E00086282,Hilsea,Portsmouth,South East,9,264,3.4100,
E00086376,Nelson,Portsmouth,South East,11,226,4.8700,
E00086383,Nelson,Portsmouth,South East,12,220,5.4500,
E00086315,Hilsea,Portsmouth,South East,10,204,4.9000,
E00086394,Nelson,Portsmouth,South East,6,180,3.3300,
E00086248,Fratton,Portsmouth,South East,7,194,3.6100,
E00086411,Nelson,Portsmouth,South East,18,273,6.5900,
E00086273,Fratton,Portsmouth,South East,14,237,5.9100,
E00086266,Fratton,Portsmouth,South East,23,258,8.9100,
E00086227,Eastney and Craneswater,Portsmouth,South East,8,182,4.4000,
E00085963,Baffins,Portsmouth,South East,16,217,7.3700,
E00086349,Milton,Portsmouth,South East,13,210,6.1900,
E00086322,Milton,Portsmouth,South East,18,322,5.5900,
E00086505,St Thomas,Portsmouth,South East,16,302,5.3000,
E00085948,Baffins,Portsmouth,South East,11,216,5.0900,
E00086466,St Jude,Portsmouth,South East,10,229,4.3700,
E00086397,Nelson,Portsmouth,South East,14,229,6.1100,
E00086357,Milton,Portsmouth,South East,14,203,6.9000,
E00086341,Milton,Portsmouth,South East,12,203,5.9100,
E00086316,Hilsea,Portsmouth,South East,13,224,5.8000,
E00086235,Fratton,Portsmouth,South East,9,305,2.9500,
E00174472,Milton,Portsmouth,South East,6,603,1.0000,
E00086276,Fratton,Portsmouth,South East,17,236,7.2000,
E00085943,Baffins,Portsmouth,South East,17,199,8.5400,
E00086241,Fratton,Portsmouth,South East,14,223,6.2800,
E00085986,Central Southsea,Portsmouth,South East,25,299,8.3600,
E00174441,Charles Dickens,Portsmouth,South East,8,327,2.4500,
E00086210,Eastney and Craneswater,Portsmouth,South East,7,192,3.6500,
E00086257,Fratton,Portsmouth,South East,11,219,5.0200,
E00085939,Baffins,Portsmouth,South East,13,204,6.3700,
E00085951,Baffins,Portsmouth,South East,12,268,4.4800,
E00086310,Hilsea,Portsmouth,South East,11,210,5.2400,
E00174427,Milton,Portsmouth,South East,3,87,3.4500,
E00086255,Fratton,Portsmouth,South East,12,193,6.2200,
E00174452,St Thomas,Portsmouth,South East,2,158,1.2700,
E00086326,Milton,Portsmouth,South East,14,194,7.2200,
E00085960,Baffins,Portsmouth,South East,25,284,8.8000,
E00085984,Central Southsea,Portsmouth,South East,16,242,6.6100,
E00086024,Charles Dickens,Portsmouth,South East,10,200,5.0000,
E00174434,Milton,Portsmouth,South East,3,135,2.2200,
E00085923,Baffins,Portsmouth,South East,14,324,4.3200,
E00086359,Milton,Portsmouth,South East,11,192,5.7300,
E00086472,St Jude,Portsmouth,South East,15,236,6.3600,
E00085931,Baffins,Portsmouth,South East,7,176,3.9800,
E00086321,Milton,Portsmouth,South East,25,275,9.0900,
E00085935,Baffins,Portsmouth,South East,12,225,5.3300,
E00086275,Fratton,Portsmouth,South East,16,258,6.2000,
E00085955,Baffins,Portsmouth,South East,14,239,5.8600,
E00086325,Milton,Portsmouth,South East,15,224,6.7000,
E00086340,Milton,Portsmouth,South East,19,263,7.2200,
E00085961,Baffins,Portsmouth,South East,18,218,8.2600,
E00086238,Fratton,Portsmouth,South East,13,224,5.8000,
E00086063,Copnor,Portsmouth,South East,12,228,5.2600,
E00085973,Central Southsea,Portsmouth,South East,20,422,4.7400,
E00086192,Eastney and Craneswater,Portsmouth,South East,16,221,7.2400,
E00086006,Central Southsea,Portsmouth,South East,19,209,9.0900,
E00085932,Baffins,Portsmouth,South East,14,215,6.5100,
E00086087,Copnor,Portsmouth,South East,6,298,2.0100,
E00085974,Central Southsea,Portsmouth,South East,11,294,3.7400,
E00086535,St Thomas,Portsmouth,South East,4,179,2.2300,
E00085988,Central Southsea,Portsmouth,South East,12,325,3.6900,
E00086546,St Thomas,Portsmouth,South East,12,561,2.1400,
E00086373,Nelson,Portsmouth,South East,9,222,4.0500,
E00086370,Nelson,Portsmouth,South East,21,310,6.7700,
E00085952,Baffins,Portsmouth,South East,11,302,3.6400,
E00085977,Central Southsea,Portsmouth,South East,13,387,3.3600,
E00086531,St Thomas,Portsmouth,South East,8,188,4.2600,
E00086240,Fratton,Portsmouth,South East,11,196,5.6100,
E00086382,Nelson,Portsmouth,South East,13,188,6.9100,
E00085976,Central Southsea,Portsmouth,South East,11,122,9.0200,
E00086320,Hilsea,Portsmouth,South East,10,202,4.9500,
E00086086,Copnor,Portsmouth,South East,14,255,5.4900,
E00086005,Central Southsea,Portsmouth,South East,20,333,6.0100,
E00086212,Eastney and Craneswater,Portsmouth,South East,14,222,6.3100,
E00086034,Charles Dickens,Portsmouth,South East,3,144,2.0800,
E00086077,Copnor,Portsmouth,South East,20,276,7.2500,
E00086379,Nelson,Portsmouth,South East,16,244,6.5600,
E00085926,Baffins,Portsmouth,South East,10,228,4.3900,
E00174459,St Thomas,Portsmouth,South East,8,426,1.8800,
E00086528,St Thomas,Portsmouth,South East,1,123,0.8100,
E00086032,Charles Dickens,Portsmouth,South East,6,234,2.5600,
E00086268,Fratton,Portsmouth,South East,13,208,6.2500,
E00085942,Baffins,Portsmouth,South East,15,183,8.2000,
E00085978,Central Southsea,Portsmouth,South East,22,262,8.4000,
E00086190,Eastney and Craneswater,Portsmouth,South East,8,209,3.8300,
E00086520,St Thomas,Portsmouth,South East,4,160,2.5000,
E00086345,Milton,Portsmouth,South East,18,256,7.0300,
E00086242,Fratton,Portsmouth,South East,7,299,2.3400,
E00174469,St Thomas,Portsmouth,South East,2,236,0.8500,
E00086187,Eastney and Craneswater,Portsmouth,South East,7,173,4.0500,
E00086374,Nelson,Portsmouth,South East,8,165,4.8500,
E00086367,Nelson,Portsmouth,South East,12,208,5.7700,
E00086462,St Jude,Portsmouth,South East,14,277,5.0500,
E00085970,Central Southsea,Portsmouth,South East,11,286,3.8500,
E00086061,Copnor,Portsmouth,South East,14,246,5.6900,
E00086076,Copnor,Portsmouth,South East,8,227,3.5200,
E00086253,Fratton,Portsmouth,South East,5,205,2.4400,
E00086477,St Jude,Portsmouth,South East,18,288,6.2500,
E00085987,Central Southsea,Portsmouth,South East,19,301,6.3100,
E00086366,Nelson,Portsmouth,South East,13,256,5.0800,
E00086486,St Jude,Portsmouth,South East,9,228,3.9500,
E00086250,Fratton,Portsmouth,South East,9,194,4.6400,
E00085929,Baffins,Portsmouth,South East,12,284,4.2300,
E00086213,Eastney and Craneswater,Portsmouth,South East,17,331,5.1400,
E00086469,St Jude,Portsmouth,South East,11,187,5.8800,
E00086023,Charles Dickens,Portsmouth,South East,13,275,4.7300,
E00174455,St Thomas,Portsmouth,South East,4,240,1.6700,
E00086473,St Jude,Portsmouth,South East,6,177,3.3900,
E00085975,Central Southsea,Portsmouth,South East,21,272,7.7200,
E00085922,Baffins,Portsmouth,South East,17,312,5.4500,
E00086223,Eastney and Craneswater,Portsmouth,South East,10,194,5.1500,
E00085964,Central Southsea,Portsmouth,South East,30,455,6.5900,
E00086364,Nelson,Portsmouth,South East,9,227,3.9600,
E00086540,St Thomas,Portsmouth,South East,9,196,4.5900,
E00085997,Central Southsea,Portsmouth,South East,13,217,5.9900,
E00086270,Fratton,Portsmouth,South East,10,217,4.6100,
E00086380,Nelson,Portsmouth,South East,9,200,4.5000,
E00086008,Central Southsea,Portsmouth,South East,20,320,6.2500,
E00086482,St Jude,Portsmouth,South East,11,260,4.2300,
E00086403,Nelson,Portsmouth,South East,15,181,8.2900,
E00086089,Copnor,Portsmouth,South East,10,244,4.1000,
E00085940,Baffins,Portsmouth,South East,12,222,5.4100,
E00086199,Eastney and Craneswater,Portsmouth,South East,15,315,4.7600,
E00086262,Fratton,Portsmouth,South East,20,281,7.1200,
E00086333,Milton,Portsmouth,South East,20,220,9.0900,
E00085999,Central Southsea,Portsmouth,South East,8,284,2.8200,
E00085971,Central Southsea,Portsmouth,South East,9,328,2.7400,
E00086232,Fratton,Portsmouth,South East,15,252,5.9500,
E00086058,Charles Dickens,Portsmouth,South East,14,192,7.2900,
E00086234,Fratton,Portsmouth,South East,15,191,7.8500,
E00086517,St Thomas,Portsmouth,South East,2,161,1.2400,
E00086092,Copnor,Portsmouth,South East,12,237,5.0600,
E00086013,Charles Dickens,Portsmouth,South East,9,188,4.7900,
E00086362,Milton,Portsmouth,South East,18,267,6.7400,
E00085930,Baffins,Portsmouth,South East,3,227,1.3200,
E00086392,Nelson,Portsmouth,South East,16,222,7.2100,
E00086216,Eastney and Craneswater,Portsmouth,South East,12,238,5.0400,
E00085968,Central Southsea,Portsmouth,South East,21,337,6.2300,
E00174453,Charles Dickens,Portsmouth,South East,4,140,2.8600,
E00086267,Fratton,Portsmouth,South East,16,254,6.3000,
E00086274,Fratton,Portsmouth,South East,14,259,5.4100,
E00086386,Nelson,Portsmouth,South East,7,136,5.1500,
E00086463,St Jude,Portsmouth,South East,12,224,5.3600,
E00086236,Fratton,Portsmouth,South East,15,276,5.4300,
E00086536,St Thomas,Portsmouth,South East,4,166,2.4100,
E00086049,Charles Dickens,Portsmouth,South East,14,213,6.5700,
E00086069,Copnor,Portsmouth,South East,15,205,7.3200,
E00086508,St Thomas,Portsmouth,South East,9,175,5.1400,
E00086054,Charles Dickens,Portsmouth,South East,6,155,3.8700,
E00085962,Baffins,Portsmouth,South East,13,281,4.6300,
E00086080,Copnor,Portsmouth,South East,14,228,6.1400,
E00086001,Central Southsea,Portsmouth,South East,21,353,5.9500,
E00086230,Fratton,Portsmouth,South East,18,322,5.5900,
E00086342,Milton,Portsmouth,South East,14,259,5.4100,
E00174470,Charles Dickens,Portsmouth,South East,7,147,4.7600,
E00086198,Eastney and Craneswater,Portsmouth,South East,7,215,3.2600,
E00085982,Central Southsea,Portsmouth,South East,12,227,5.2900,
E00086507,St Thomas,Portsmouth,South East,6,194,3.0900,
E00086071,Copnor,Portsmouth,South East,11,228,4.8200,
E00086495,St Jude,Portsmouth,South East,31,364,8.5200,
E00086532,St Thomas,Portsmouth,South East,10,416,2.4000,
E00086264,Fratton,Portsmouth,South East,5,211,2.3700,
E00086217,Eastney and Craneswater,Portsmouth,South East,31,286,10.8400,
E00086518,St Thomas,Portsmouth,South East,6,357,1.6800,
E00086035,Charles Dickens,Portsmouth,South East,7,199,3.5200,
E00174461,Charles Dickens,Portsmouth,South East,55,898,6.1200,
E00085954,Baffins,Portsmouth,South East,8,223,3.5900,
E00085921,Baffins,Portsmouth,South East,15,289,5.1900,
E00086384,Nelson,Portsmouth,South East,20,254,7.8700,
E00086388,Nelson,Portsmouth,South East,14,218,6.4200,
E00085944,Baffins,Portsmouth,South East,16,250,6.4000,
E00086346,Milton,Portsmouth,South East,15,282,5.3200,
E00086209,Eastney and Craneswater,Portsmouth,South East,16,239,6.6900,
E00086197,Eastney and Craneswater,Portsmouth,South East,11,188,5.8500,
E00086372,Nelson,Portsmouth,South East,10,177,5.6500,
E00086288,Hilsea,Portsmouth,South East,13,240,5.4200,
E00086489,St Jude,Portsmouth,South East,6,227,2.6400,
E00085947,Baffins,Portsmouth,South East,10,223,4.4800,
E00085980,Central Southsea,Portsmouth,South East,14,371,3.7700,
E00086491,St Jude,Portsmouth,South East,10,270,3.7000,
E00086410,Nelson,Portsmouth,South East,10,206,4.8500,
E00086492,St Jude,Portsmouth,South East,14,237,5.9100,
E00085928,Baffins,Portsmouth,South East,12,203,5.9100,
E00086353,Milton,Portsmouth,South East,17,232,7.3300,
E00086261,Fratton,Portsmouth,South East,18,335,5.3700,
E00085920,Baffins,Portsmouth,South East,19,225,8.4400,
E00086002,Central Southsea,Portsmouth,South East,10,240,4.1700,
E00086083,Copnor,Portsmouth,South East,12,246,4.8800,
E00086547,St Thomas,Portsmouth,South East,6,212,2.8300,
E00085966,Central Southsea,Portsmouth,South East,13,286,4.5500,
E00086356,Milton,Portsmouth,South East,15,210,7.1400,
E00086231,Fratton,Portsmouth,South East,11,243,4.5300,
E00086365,Nelson,Portsmouth,South East,12,170,7.0600,
E00085933,Baffins,Portsmouth,South East,12,217,5.5300,
E00085967,Central Southsea,Portsmouth,South East,12,118,10.1700,
E00086237,Fratton,Portsmouth,South East,13,289,4.5000,
E00085934,Baffins,Portsmouth,South East,16,249,6.4300,
E00086062,Copnor,Portsmouth,South East,17,289,5.8800,
E00086408,Nelson,Portsmouth,South East,12,242,4.9600,
E00086037,Charles Dickens,Portsmouth,South East,13,277,4.6900,
E00086474,St Jude,Portsmouth,South East,10,166,6.0200,
E00085953,Baffins,Portsmouth,South East,23,268,8.5800,
E00086502,St Thomas,Portsmouth,South East,8,200,4.0000,
E00086329,Milton,Portsmouth,South East,17,254,6.6900,
E00086201,Eastney and Craneswater,Portsmouth,South East,11,229,4.8000,
E00086485,St Jude,Portsmouth,South East,2,126,1.5900,
E00086404,Nelson,Portsmouth,South East,15,234,6.4100,
E00086470,St Jude,Portsmouth,South East,16,226,7.0800,
E00086186,Eastney and Craneswater,Portsmouth,South East,16,342,4.6800,
E00085925,Baffins,Portsmouth,South East,17,281,6.0500,
E00086017,Charles Dickens,Portsmouth,South East,8,269,2.9700,
E00086524,St Thomas,Portsmouth,South East,14,294,4.7600,
E00086265,Fratton,Portsmouth,South East,15,396,3.7900,
E00086465,St Jude,Portsmouth,South East,11,138,7.9700,
E00086096,Copnor,Portsmouth,South East,13,215,6.0500,
E00174439,St Thomas,Portsmouth,South East,3,139,2.1600,
E00086094,Copnor,Portsmouth,South East,14,284,4.9300,
E00174458,St Thomas,Portsmouth,South East,9,186,4.8400,
E00086015,Charles Dickens,Portsmouth,South East,7,179,3.9100,
E00085972,Central Southsea,Portsmouth,South East,23,251,9.1600,
E00086193,Eastney and Craneswater,Portsmouth,South East,21,238,8.8200,
E00086406,Nelson,Portsmouth,South East,12,195,6.1500,
E00086066,Copnor,Portsmouth,South East,11,232,4.7400,
E00174466,Charles Dickens,Portsmouth,South East,2,99,2.0200,
E00085941,Baffins,Portsmouth,South East,11,213,5.1600,
E00086284,Hilsea,Portsmouth,South East,12,205,5.8500,
E00086258,Fratton,Portsmouth,South East,11,219,5.0200,
E00086343,Milton,Portsmouth,South East,13,168,7.7400,
E00086226,Eastney and Craneswater,Portsmouth,South East,17,361,4.7100,
E00086047,Charles Dickens,Portsmouth,South East,6,266,2.2600,
E00174436,Milton,Portsmouth,South East,14,191,7.3300,
E00086277,Fratton,Portsmouth,South East,16,308,5.1900,
E00086361,Milton,Portsmouth,South East,17,256,6.6400,
E00086036,Charles Dickens,Portsmouth,South East,4,235,1.7000,
E00086545,St Thomas,Portsmouth,South East,15,279,5.3800,
E00086541,St Thomas,Portsmouth,South East,31,223,13.9000,
E00086481,St Jude,Portsmouth,South East,17,208,8.1700,
E00086048,Charles Dickens,Portsmouth,South East,16,283,5.6500,
E00086529,St Thomas,Portsmouth,South East,17,269,6.3200,
E00086476,St Jude,Portsmouth,South East,13,268,4.8500,
E00086027,Charles Dickens,Portsmouth,South East,12,210,5.7100,
E00086400,Nelson,Portsmouth,South East,10,213,4.6900,
E00086286,Hilsea,Portsmouth,South East,3,202,1.4900,
E00086323,Milton,Portsmouth,South East,23,241,9.5400,
E00086025,Charles Dickens,Portsmouth,South East,13,359,3.6200,
E00086272,Fratton,Portsmouth,South East,25,218,11.4700,
E00085938,Baffins,Portsmouth,South East,16,248,6.4500,
E00086324,Milton,Portsmouth,South East,12,209,5.7400,
E00086057,Charles Dickens,Portsmouth,South East,16,319,5.0200,
E00086249,Fratton,Portsmouth,South East,7,273,2.5600,
E00086377,Nelson,Portsmouth,South East,20,224,8.9300,
E00086195,Eastney and Craneswater,Portsmouth,South East,13,248,5.2400,
E00086208,Eastney and Craneswater,Portsmouth,South East,9,219,4.1100,
E00086378,Nelson,Portsmouth,South East,14,216,6.4800,
E00086289,Hilsea,Portsmouth,South East,10,247,4.0500,
E00086055,Charles Dickens,Portsmouth,South East,11,228,4.8200,
E00086097,Copnor,Portsmouth,South East,22,255,8.6300,
E00086219,Eastney and Craneswater,Portsmouth,South East,11,220,5.0000,
E00086016,Charles Dickens,Portsmouth,South East,13,241,5.3900,
E00085936,Baffins,Portsmouth,South East,16,257,6.2300,
E00086347,Milton,Portsmouth,South East,10,189,5.2900,
E00085956,Baffins,Portsmouth,South East,17,391,4.3500,
E00086243,Fratton,Portsmouth,South East,14,259,5.4100,
E00086018,Charles Dickens,Portsmouth,South East,2,86,2.3300,
E00086099,Copnor,Portsmouth,South East,19,248,7.6600,
E00086207,Eastney and Craneswater,Portsmouth,South East,15,200,7.5000,
E00085979,Central Southsea,Portsmouth,South East,16,361,4.4300,
E00086368,Nelson,Portsmouth,South East,13,205,6.3400,
E00085989,Central Southsea,Portsmouth,South East,12,250,4.8000,
E00086371,Nelson,Portsmouth,South East,12,198,6.0600,
E00086475,St Jude,Portsmouth,South East,11,212,5.1900,
E00086506,St Thomas,Portsmouth,South East,9,134,6.7200,
E00086244,Fratton,Portsmouth,South East,7,125,5.6000,
E00086191,Eastney and Craneswater,Portsmouth,South East,9,199,4.5200,
E00086156,Drayton and Farlington,Portsmouth,South East,8,185,4.3200,
E00086510,St Thomas,Portsmouth,South East,15,427,3.5100,
E00174456,St Thomas,Portsmouth,South East,9,266,3.3800,
E00086041,Charles Dickens,Portsmouth,South East,11,263,4.1800,
E00086043,Charles Dickens,Portsmouth,South East,13,211,6.1600,
E00086030,Charles Dickens,Portsmouth,South East,8,250,3.2000,
E00086068,Copnor,Portsmouth,South East,13,225,5.7800,
E00086327,Milton,Portsmouth,South East,9,216,4.1700,
E00085924,Baffins,Portsmouth,South East,21,313,6.7100,
E00086504,St Thomas,Portsmouth,South East,5,221,2.2600,
E00086358,Milton,Portsmouth,South East,12,263,4.5600,
E00085996,Central Southsea,Portsmouth,South East,15,280,5.3600,
E00086398,Nelson,Portsmouth,South East,14,200,7.0000,
E00086319,Hilsea,Portsmouth,South East,15,247,6.0700,
E00086038,Charles Dickens,Portsmouth,South East,9,125,7.2000,
E00086344,Milton,Portsmouth,South East,25,304,8.2200,
E00085945,Baffins,Portsmouth,South East,10,206,4.8500,
E00086256,Fratton,Portsmouth,South East,7,334,2.1000,
E00086214,Eastney and Craneswater,Portsmouth,South East,21,249,8.4300,
E00085995,Central Southsea,Portsmouth,South East,24,349,6.8800,
E00086215,Eastney and Craneswater,Portsmouth,South East,14,212,6.6000,
E00086381,Nelson,Portsmouth,South East,7,201,3.4800,
